{
  "epochs": [
    1,
    2,
    3,
    4,
    5,
    6,
    7,
    8,
    9,
    10
  ],
  "train_loss": [
    0.6905733980638051,
    0.6817759969521479,
    0.6948956136055584,
    0.6874350653928,
    0.6947786403782177,
    0.6886168922940369,
    0.6883918304835513,
    0.6789960783059321,
    0.6772037665664936,
    0.6748617454137791
  ],
  "val_loss": [
    0.665147317521399,
    0.6632284801765527,
    0.6613501413574432,
    0.6720636233937141,
    0.6643183208044681,
    0.6818668106414753,
    0.6683016852293601,
    0.6623315837796174,
    0.6889710289805961,
    0.6705404633250316
  ],
  "train_acc": [
    0.5506555423122765,
    0.532777115613826,
    0.5423122765196663,
    0.5482717520858165,
    0.5351609058402861,
    0.566150178784267,
    0.5351609058402861,
    0.564958283671037,
    0.567342073897497,
    0.5554231227651967
  ],
  "val_acc": [
    0.6145251396648045,
    0.6145251396648045,
    0.6145251396648045,
    0.6145251396648045,
    0.6145251396648045,
    0.6145251396648045,
    0.6145251396648045,
    0.6145251396648045,
    0.39664804469273746,
    0.6145251396648045
  ],
  "param_norms": {
    "epochs": [
      1,
      2,
      3,
      4,
      5,
      6,
      7,
      8,
      9,
      10
    ],
    "layer1.0.conv1": [
      11.372586250305176,
      11.373135566711426,
      11.373605728149414,
      11.373583793640137,
      11.374563217163086,
      11.374687194824219,
      11.375201225280762,
      11.37545108795166,
      11.375853538513184,
      11.376214981079102
    ],
    "layer1.0.bn1": [
      8.000057220458984,
      7.99985933303833,
      7.9999284744262695,
      7.9999895095825195,
      7.999730110168457,
      7.999842166900635,
      7.9997100830078125,
      7.999887466430664,
      7.999942302703857,
      8.000048637390137
    ],
    "layer1.0.conv2": [
      11.322181701660156,
      11.32267951965332,
      11.323173522949219,
      11.323744773864746,
      11.3239164352417,
      11.324234008789062,
      11.324400901794434,
      11.32480525970459,
      11.32519817352295,
      11.325469017028809
    ],
    "layer1.0.bn2": [
      8.000227928161621,
      8.000724792480469,
      8.000346183776855,
      7.99966287612915,
      7.999164581298828,
      7.999765396118164,
      7.9997100830078125,
      7.999465465545654,
      7.999469757080078,
      7.999606609344482
    ],
    "layer1.1.conv1": [
      11.279498100280762,
      11.280180931091309,
      11.280755043029785,
      11.281338691711426,
      11.28205394744873,
      11.28235149383545,
      11.282456398010254,
      11.282812118530273,
      11.283034324645996,
      11.283222198486328
    ],
    "layer1.1.bn1": [
      8.000030517578125,
      7.999912738800049,
      8.000076293945312,
      8.000356674194336,
      8.000441551208496,
      8.000561714172363,
      8.000777244567871,
      8.000514030456543,
      8.000434875488281,
      8.00053882598877
    ],
    "layer1.1.conv2": [
      11.31847858428955,
      11.319056510925293,
      11.319792747497559,
      11.320504188537598,
      11.321118354797363,
      11.321560859680176,
      11.322030067443848,
      11.321992874145508,
      11.32216739654541,
      11.322394371032715
    ],
    "layer1.1.bn2": [
      7.999703407287598,
      7.999710559844971,
      8.000136375427246,
      8.000310897827148,
      8.000492095947266,
      7.999935150146484,
      7.999938488006592,
      8.000069618225098,
      7.99979829788208,
      7.999844074249268
    ],
    "layer2.0.conv1": [
      11.353814125061035,
      11.355100631713867,
      11.355814933776855,
      11.356697082519531,
      11.357654571533203,
      11.358344078063965,
      11.358979225158691,
      11.359602928161621,
      11.36012077331543,
      11.360464096069336
    ],
    "layer2.0.bn1": [
      11.314027786254883,
      11.314159393310547,
      11.314010620117188,
      11.313944816589355,
      11.313754081726074,
      11.313640594482422,
      11.313679695129395,
      11.313704490661621,
      11.313676834106445,
      11.313690185546875
    ],
    "layer2.0.conv2": [
      15.985590934753418,
      15.987401008605957,
      15.988795280456543,
      15.989998817443848,
      15.990966796875,
      15.991629600524902,
      15.992353439331055,
      15.993062019348145,
      15.993637084960938,
      15.994104385375977
    ],
    "layer2.0.bn2": [
      11.31497859954834,
      11.314599990844727,
      11.314298629760742,
      11.314204216003418,
      11.313621520996094,
      11.3136568069458,
      11.313632011413574,
      11.313288688659668,
      11.313675880432129,
      11.313739776611328
    ],
    "layer2.0.downsample.0": [
      11.350436210632324,
      11.35090160369873,
      11.351104736328125,
      11.351312637329102,
      11.351287841796875,
      11.351425170898438,
      11.35149097442627,
      11.35142707824707,
      11.351433753967285,
      11.351588249206543
    ],
    "layer2.0.downsample.1": [
      11.312516212463379,
      11.313077926635742,
      11.313315391540527,
      11.313521385192871,
      11.313957214355469,
      11.31414794921875,
      11.31435775756836,
      11.314817428588867,
      11.314573287963867,
      11.31454086303711
    ],
    "layer2.1.conv1": [
      15.992315292358398,
      15.99413013458252,
      15.995524406433105,
      15.996570587158203,
      15.997589111328125,
      15.99837589263916,
      15.999080657958984,
      15.999714851379395,
      16.000202178955078,
      16.000608444213867
    ],
    "layer2.1.bn1": [
      11.313825607299805,
      11.313666343688965,
      11.313591003417969,
      11.313624382019043,
      11.313589096069336,
      11.313542366027832,
      11.313447952270508,
      11.313468933105469,
      11.313555717468262,
      11.31353759765625
    ],
    "layer2.1.conv2": [
      15.954379081726074,
      15.95582103729248,
      15.957098007202148,
      15.958428382873535,
      15.959601402282715,
      15.960404396057129,
      15.961024284362793,
      15.961749076843262,
      15.962337493896484,
      15.96271800994873
    ],
    "layer2.1.bn2": [
      11.313667297363281,
      11.312972068786621,
      11.312935829162598,
      11.312434196472168,
      11.312594413757324,
      11.312207221984863,
      11.311988830566406,
      11.31180191040039,
      11.311522483825684,
      11.311759948730469
    ],
    "layer3.0.conv1": [
      16.03179931640625,
      16.035043716430664,
      16.03803253173828,
      16.0401611328125,
      16.042346954345703,
      16.043848037719727,
      16.045129776000977,
      16.04630470275879,
      16.04728889465332,
      16.048154830932617
    ],
    "layer3.0.bn1": [
      16.000301361083984,
      16.000144958496094,
      16.000255584716797,
      16.00017547607422,
      16.000083923339844,
      16.00002670288086,
      16.000049591064453,
      16.000041961669922,
      15.99999713897705,
      15.99997615814209
    ],
    "layer3.0.conv2": [
      22.6154727935791,
      22.619924545288086,
      22.62391471862793,
      22.627086639404297,
      22.630382537841797,
      22.632474899291992,
      22.634550094604492,
      22.636287689208984,
      22.637575149536133,
      22.638608932495117
    ],
    "layer3.0.bn2": [
      15.999497413635254,
      16.000288009643555,
      15.999879837036133,
      15.999527931213379,
      15.999454498291016,
      15.999320983886719,
      15.998589515686035,
      15.998443603515625,
      15.99876880645752,
      15.999027252197266
    ],
    "layer3.0.downsample.0": [
      16.02666473388672,
      16.027114868164062,
      16.027610778808594,
      16.027881622314453,
      16.027896881103516,
      16.02812957763672,
      16.02821922302246,
      16.028284072875977,
      16.028385162353516,
      16.028465270996094
    ],